Filename:,25FC01544-CC1_B4_C1-CH1_500.00mA_NAV_50.0C_00_LIV.csv
Test Time:,2025-04-30T07:41:42.822134+00:00
Temperature Set:,50.0,°C
Temperature Measured:,50.03,°C
PID:,1.1837,0.0070,5.0000
Thermistor ABC:,0.001111930000000000023146692896,0.0002371740000000000113657898197,7.386599999999999665742402813E-8
OPM Wavelength:,1300.00,nm
OPM Range:,3.653111E-01,W
OPM:,Thorlabs,PM100USB,1933072,1.7.0=S145C,250120306,20-JAN-2025,1,18,289
SMU:,Keithley Instruments Inc., Model 2602B, 4369333, 3.4.2
TEC:,Arroyo 5240 241126048 v1.53 148

set_current[mA],current[A],voltage[V],power[W],power[mW],rd[Ohms],dy/dx(Ith)[a.u],SE[W/A],d2y/dx2(Ith)[a.u]
0.0,3.52859e-12,-0.30315,6.11798441e-06,0.00611798441,1043.4298321902265,0.00494105279,-0.07781361828733999,0.05603302460472408
1.0,0.00100005,0.740332,1.10590372e-05,0.0110590372,535.2373918917492,0.004692642045000001,-0.061259608906032,0.050786903380051374
2.0,0.00200134,0.768042,1.55032685e-05,0.015503268500000002,22.46827220945338,0.004165387500000001,-0.044705599524724,0.04554078215537867
3.0,0.00300145,0.7853,1.93898122e-05,0.019389812200000002,15.182843002474588,0.0037574036499999986,-0.028151590143416,0.04029466093070597
4.0,0.00400169,0.798413,2.30180758e-05,0.0230180758,11.983621883483426,0.003592482249999999,-0.011597580762107998,0.03504853970603326
5.0,0.00500168,0.80927,2.65747767e-05,0.0265747767,10.132101321013185,0.0035957737000000007,0.004956428619200003,0.029802418481360556
6.0,0.00600167,0.818677,3.02096232e-05,0.0302096232,8.90272256806418,0.0037306727000000015,0.0052452037979199995,0.0232325003149167
7.0,0.00700163,0.827075,3.40361221e-05,0.0340361221,8.021620324304875,0.004046307399999997,0.006249550599199999,0.017352613356938745
8.0,0.00800164,0.83472,3.8302238e-05,0.038302237999999995,7.365831462415831,0.004470557549999997,0.0532874696036,0.013294637678905418
9.0,0.00900154,0.841806,4.29772372e-05,0.0429772372,6.847479323552643,0.005042560550000005,0.1304336250764,0.011786335334033922
10.0,0.0100015,0.848414,4.83873591e-05,0.048387359100000006,6.425024727003853,0.0058478799500000025,0.1767317517628,0.012656563446066943
11.0,0.0110034,0.854668,5.46729971e-05,0.0546729971,6.0820727871798415,0.006987716949999997,0.1997376330436,0.019940983411721937
12.0,0.0120046,0.860597,6.2362793e-05,0.062362793,5.749987504373506,0.010795452899999999,0.21102631575039996,0.03874579535133985
13.0,0.0130041,0.866172,7.62639029e-05,0.0762639029,4.695530446955341,0.192651856,0.2160130791496,0.052719169994628785
14.0,0.0140048,0.869989,0.000447666505,0.447666505,3.60545918112283,0.40197678405000004,0.22088328146440003,0.04234965421895356
15.0,0.0150044,0.873384,0.000880217471,0.880217471,3.422026607982402,0.43189147250000004,0.23100104533119997,0.023074845328187182
16.0,0.0160042,0.876831,0.00131144945,1.31144945,3.439968009597093,0.43094335449999993,0.25072267866000003,0.011790159263811214
17.0,0.017005,0.880266,0.00174210418,1.74210418,3.424143964009011,0.42954185999999983,0.2886799376016001,0.006238133849859224
18.0,0.0180047,0.883681,0.00217053317,2.1705331699999997,3.4148170365926984,0.42616198000000016,0.3623249607584001,0.005725125191616015
19.0,0.0190054,0.887097,0.00259442814,2.59442814,3.4038192361527417,0.4258323500000001,0.4168166329247999,0.008607428219904012
20.0,0.0200051,0.89049,0.00302219787,3.02219787,3.387653086728275,0.4275222299999999,0.42234910009599985,0.012796390889312042
21.0,0.0210059,0.893874,0.0034494726,3.4494726,3.3666583354161714,0.4277939450000001,0.42386590127199997,0.018873060310150458
22.0,0.0220056,0.897225,0.00387778576,3.87778576,3.358339584896241,0.42505515500000035,0.42249936884000006,0.02390921744154236
23.0,0.0230054,0.900589,0.00429958291,4.299582910000001,3.350497425386185,0.4201560500000001,0.41947896240000004,0.01928355894733426
24.0,0.0240059,0.903927,0.00471809786,4.71809786,3.3298335083245814,0.41236029999999957,0.4217500704,0.007255423205849525
25.0,0.0250055,0.907249,0.00512430351,5.12430351,3.3146713321669314,0.41071953999999966,0.4195745455200001,0.0006711063449536572
26.0,0.0260064,0.910558,0.00553953694,5.53953694,3.3013397320536173,0.422618355,0.41583208372000025,-0.0007872023780159434
27.0,0.0270059,0.913853,0.00596954022,5.96954022,3.280023989204851,0.41605299500000026,0.41686077300000035,-0.0013756165572159794
28.0,0.0280073,0.917121,0.00637164293,6.37164293,3.254349130173974,0.40866736999999986,0.41406398807999983,-0.0002777028172799543
29.0,0.0290063,0.920363,0.00678687496,6.78687496,3.252264424761061,0.42179715500000015,0.41017757619999956,-0.0011875675953599578
30.0,0.0300056,0.92362,0.00721523724,7.21523724,3.2416895776055763,0.4086673750000003,0.41224557075999985,-0.0025527941899199627
31.0,0.0310068,0.926848,0.00760420971,7.60420971,3.221372519618149,0.4016920000000006,0.41263618256000006,-0.0009348890713600113
32.0,0.0320063,0.930065,0.00801862124,8.018621240000002,3.2120363890832992,0.4181046950000007,0.4089400158799999,-0.0008652916289601584
33.0,0.0330074,0.933274,0.0084404191,8.440419100000002,3.1918404079795772,0.40989881499999914,0.40927461044,-0.0013647096974401432
34.0,0.0340064,0.936449,0.00883841887,8.83841887,3.18015900795036,0.4029232099999991,0.41192354368000017,-0.0002394379111999232
35.0,0.0350073,0.939634,0.00924626552,9.24626552,3.1681831816818495,0.4127705500000003,0.40384228984000003,-0.00123198311679989
36.0,0.0360066,0.942786,0.00966395997,9.66395997,3.1480462300495713,0.4037441900000003,0.4031660272000002,-0.0020477264324800424
37.0,0.037006,0.945926,0.0100537539,10.0537539,3.1312171957010393,0.4012822149999993,0.40755802204,-0.0004172389116799733
38.0,0.0380071,0.94905,0.0104665244,10.466524399999999,3.1197200699824714,0.4094876000000003,0.4027986378399997,0.00010259846704008679
39.0,0.0390065,0.952167,0.0108727291,10.8727291,3.110188981101905,0.4107188500000003,0.4050930099999998,-0.0016379257052800673
40.0,0.0400073,0.955271,0.0112879621,11.2879621,3.08950000000002,0.3910246499999994,0.40415424968000024,-0.0015412414528000787
41.0,0.0410065,0.958346,0.0116547784,11.6547784,3.076884623075397,0.3984095500000002,0.39549509495999996,0.00023431436032001862
42.0,0.0420077,0.961426,0.0120847812,12.0847812,3.0699255260658656,0.4049744500000001,0.39829825703999966,-0.0005973812396799407
43.0,0.0430072,0.964488,0.0124647273,12.4647273,3.0528316990194453,0.39389684999999997,0.4016493284000003,-0.0009465502035199856
44.0,0.0440065,0.967528,0.0128725749,12.8725749,3.0388480575971375,0.41112955000000007,0.4001592412,-0.0012625433823999844
45.0,0.0450073,0.970566,0.0132869864,13.2869864,3.0241512075603403,0.39512755000000066,0.3967556219999996,-0.003043266915840023
46.0,0.0460064,0.973576,0.01366283,13.662830000000001,3.0056994300569464,0.3750221499999995,0.39721145319999973,-0.0011521495574400855
47.0,0.0470075,0.976578,0.0140370307,14.037030699999999,2.9976007197840824,0.39840999999999926,0.39836389440000025,0.0015683334841601142
48.0,0.048007,0.979573,0.01445965,14.45965,2.9819036192762,0.400871050000001,0.3956070364000005,0.0005204502044800428
49.0,0.0490079,0.982543,0.0148387728,14.838772800000001,2.966406718656267,0.39758904999999967,0.39651932999999984,-0.0014483315104002023
50.0,0.0500074,0.985507,0.0152548281,15.2548281,2.9610168643346575,0.3988207499999987,0.39122468680000005,-0.0013481753744000434
51.0,0.0510062,0.98846,0.0156364143,15.636414299999998,2.9484999999999624,0.3906129999999992,0.3866488631999999,-0.0006367825519998072
52.0,0.0520074,0.991404,0.0160360541,16.036054099999998,2.930974159044323,0.39635880000000157,0.3916445071999999,-0.001309326441599846
53.0,0.0530069,0.994324,0.0164291319,16.4291319,2.915771057235742,0.39225630000000145,0.3962790496000006,-0.0018013851376000867
54.0,0.0540079,0.997237,0.0168205667,16.8205667,2.9025646153076976,0.39020364999999835,0.3935778819999999,-0.0017929246336000342
55.0,0.0550072,1.00013,0.0172095392,17.2095392,2.8914999999999886,0.39143490000000014,0.3885724703999995,-0.0011907351247999794
56.0,0.0560079,1.00302,0.0176034365,17.6034365,2.879712028797113,0.3819978000000006,0.38854287119999986,0.00041937005599991295
57.0,0.0570074,1.00589,0.0179735348,17.9735348,2.832974623354516,0.38281734999999983,0.38800485400000034,0.0011260884160000557
58.0,0.0580058,1.00868,0.0183690712,18.3690712,2.815844753426042,0.40251200000000154,0.3852277184000003,-0.0007682969568000319
59.0,0.0590068,1.01152,0.0187785588,18.778558800000003,2.844288927768051,0.3873314499999996,0.3826306243999999,-0.0021409382784001794
60.0,0.0600063,1.01437,0.0191437341,19.1437341,2.835141757087888,0.37297139999999906,0.38325088720000045,-0.0019079926703999502
61.0,0.0610067,1.01719,0.0195245016,19.5245016,2.815422313347014,0.3881528999999997,0.3837601927999999,-0.0019564543263997504
62.0,0.062006,1.02,0.0199200399,19.9200399,2.799860006999668,0.37994609999999973,0.3829131063999997,-0.0008259787903998392
63.0,0.0630068,1.02279,0.0202843938,20.2843938,2.789442111577635,0.37748370000000087,0.38512547200000025,-0.0006459565776000624
64.0,0.0640064,1.02558,0.0206750073,20.6750073,2.7813906953476772,0.3725588500000008,0.3799197091999999,-0.0010893656064001188
65.0,0.0650058,1.02835,0.0210295115,21.0295115,2.7651382569128646,0.3803549000000004,0.38070444319999963,-0.00023453511200020595
66.0,0.0660063,1.03111,0.0214357171,21.4357171,2.7554133119967608,0.38692259999999834,0.37473047040000007,5.3047977599762544e-05
67.0,0.0670055,1.03386,0.0218033567,21.8033567,2.7401370068503086,0.37338119999999897,0.37316417680000064,-0.00042397234079993027
68.0,0.0680062,1.03659,0.0221824795,22.1824795,2.7244551089781828,0.3766631500000006,0.3804183956000006,-0.0020852239887998417
69.0,0.0690059,1.03931,0.022556683,22.556683,2.7143214196451084,0.3766631500000006,0.3742144036000001,-0.0022001652399999913
70.0,0.0700067,1.04202,0.0229358058,22.9358058,2.7050000000000662,0.38938319999999926,0.3728785695999997,-0.0021283778911998477
71.0,0.0710059,1.04472,0.0233354494,23.335449399999998,2.6950000000000007,0.3495840500000007,0.3751603851999992,-0.0011539142223997113
72.0,0.0720067,1.04741,0.0236349739,23.634973900000002,2.684999999999935,0.36968755000000186,0.3757342787999991,0.002267176049599996
73.0,0.0730059,1.05009,0.0240748245,24.074824500000002,2.6722714307161772,0.39923100000000034,0.37323944080000004,0.0001497102351997135
74.0,0.074005,1.05275,0.0244334359,24.433435900000003,2.654734526547298,0.3602513999999992,0.36709844240000017,-0.002775818046400186
75.0,0.0750061,1.0554,0.0247953273,24.7953273,2.6443389152711876,0.35860944999999944,0.3687924211999998,-0.0006122907488001598
76.0,0.0760055,1.05804,0.0251506548,25.1506548,2.639868006599769,0.3729704999999992,0.3627623848000005,0.0009164204159997858
77.0,0.0770062,1.06068,0.0255412683,25.5412683,2.6301315065752404,0.3836378499999977,0.3694846492000008,-0.001312491633599837
78.0,0.0780054,1.0633,0.0259179305,25.917930499999997,2.614738526147298,0.36394315000000077,0.3777434331999999,-0.0033189908063996523
79.0,0.0790064,1.06591,0.0262691546,26.2691546,2.6044791041792443,0.3458913500000005,0.3663267811999998,-0.0015220061391999285
80.0,0.0800058,1.06851,0.0266097132,26.609713199999998,2.596947710783101,0.36517529999999887,0.3613472368000003,-0.0008693998127999416
81.0,0.0810049,1.0711,0.0269995052,26.999505199999998,2.574613807928809,0.3651744000000008,0.36821424959999943,-0.00022314463359990566
82.0,0.0820061,1.07366,0.027340062,27.340062,2.569871506424763,0.3639441000000012,0.3721894751999988,0.0018018213807999312
83.0,0.083005,1.07624,0.0277273934,27.7273934,2.569743025697382,0.38404854999999927,0.3616955164000002,-0.0015252216224001336
84.0,0.0840063,1.0788,0.0281081591,28.108159099999998,2.549235229431105,0.3651744000000008,0.35861669520000045,-0.0043172984848000966
85.0,0.0850056,1.08134,0.0284577422,28.457742200000002,2.5351267563377724,0.34506990000000215,0.3620267783999999,-0.0005678253824001755
86.0,0.0860062,1.08387,0.0287982989,28.798298900000002,2.5348732563372423,0.3705089999999984,0.35679446880000004,0.0019153115199998596
87.0,0.0870057,1.08641,0.0291987602,29.1987602,2.5223962764627315,0.3807674999999975,0.3574152296000002,-0.0013870778911997449
88.0,0.0880043,1.08891,0.0295598339,29.559833899999997,2.500250025002452,0.35532750000000135,0.3644264920000005,-0.002391089769599762
89.0,0.0890055,1.09141,0.0299094152,29.9094152,2.4943764058985476,0.35943000000000147,0.35340377519999994,0.0003196216111999437
90.0,0.0900048,1.0939,0.0302786939,30.2786939,2.4845030993800843,0.35450604999999946,0.34588034279999974,-0.0006842759583999522
91.0,0.0910059,1.09638,0.0306184273,30.6184273,2.4746288056791403,0.33645329999999873,0.3546317303999997,-0.001865773446399876
92.0,0.0920051,1.09885,0.0309516005,30.951600499999998,2.465616404101074,0.34671185000000015,0.36091761959999974,-0.0013180267712000005
93.0,0.0930054,1.10131,0.031311851,31.311851,2.4503675551332305,0.3651753000000024,0.35203834880000034,-0.0030279633008003072
94.0,0.0940048,1.10375,0.0316819511,31.681951100000003,2.441587031570528,0.33563189999999743,0.35486774799999987,-0.003167995776000233
95.0,0.0950041,1.10619,0.0319831148,31.983114799999996,2.434634804779252,0.3241430999999988,0.3578612856000001,0.0007649760192001671
96.0,0.0960051,1.10862,0.0323302373,32.3302373,2.4393901524618795,0.34466010000000225,0.3513493720000005,0.006257906201600174
97.0,0.0970046,1.11107,0.032672435,32.672435,2.4250000000000083,0.3672260999999999,0.3480767120000004,0.005103602260800165
98.0,0.0980051,1.11347,0.0330646895,33.0646895,2.385238523852344,0.3450699499999992,0.3444723788000001,-0.002038705203199979
99.0,0.0990044,1.11584,0.0333625749,33.3625749,2.3801190059503474,0.3610718999999989,0.34183027759999873,-0.004990665737600026
100.0,0.100005,1.11823,0.0337868333,33.7868333,2.2673482912051925,0.37748365000000206,0.3407010227999999,-0.006095216140799918
101.0,0.101117,1.12063,0.0341175422,34.1175422,2.296086751532265,0.3532767000000021,0.34512910080000064,-0.004808152196800263
102.0,0.102126,1.1231,0.0344933867,34.4933867,2.4025974025973884,0.3352220999999993,0.3776646400000002,-0.0017760564912003628
103.0,0.103119,1.12544,0.0347879864,34.7879864,2.350299401197594,0.3290679499999989,0.3719851228000007,0.0017175988895999984
104.0,0.10413,1.12781,0.0351515226,35.1515226,2.341487768347531,0.3565605999999981,0.34475777919999995,0.003787068256000433
105.0,0.105122,1.13013,0.0355011076,35.5011076,2.3240506329114345,0.3405567500000011,0.3376586188000005,0.003159637027200306
106.0,0.106105,1.1324,0.0358326361,35.8326361,2.29655516724909,0.33234990000000053,0.3279049784000002,0.006207168883199846
107.0,0.107125,1.13473,0.0361658074,36.1658074,2.3272003978120437,0.44903155000000083,0.33343262119999856,-7.828181279992386e-05
108.0,0.108116,1.13708,0.0367306992,36.730699200000004,2.328015952143536,0.3852378500000029,0.33408444759999933,-0.012371262251200022
109.0,0.109131,1.1394,0.0369362831,36.936283100000004,2.2828784119106356,0.26725979999999794,0.3511069264000007,-0.010779378499200345
110.0,0.110131,1.14168,0.0372652188,37.2652188,2.267676767676826,0.3001503499999991,0.34752386760000126,-0.0035367096784003128
111.0,0.111111,1.14389,0.0375365838,37.5365838,2.28342513770651,0.30837395,0.3424357723999998,0.0011659634783997414
112.0,0.112128,1.14624,0.0378819667,37.8819667,2.275211127670157,0.34949184999999616,0.35770885399999963,0.0023977038064002935
113.0,0.113124,1.14847,0.0382355675,38.235567499999995,2.2390317700453872,0.3248211000000012,0.3364715704000013,0.0047287893024006876
114.0,0.114111,1.15068,0.0385316089,38.5316089,2.269999999999992,0.36593715000000415,0.31561117639999964,0.002873871467200266
115.0,0.115124,1.15301,0.0389674418,38.9674418,2.292292292292307,0.3371536500000012,0.31557873319999896,-0.004119103292800438
116.0,0.116109,1.15526,0.0392059162,39.205916200000004,2.263210368893321,0.3001540499999962,0.32370308759999883,-0.0025603048816002644
117.0,0.11713,1.15755,0.0395677499,39.567749899999995,2.226095617529872,0.32071209999999795,0.32676147439999953,-0.0012671248959997517
118.0,0.118117,1.15973,0.0398473404,39.8473404,2.1991911021232746,0.3494862500000053,0.32232074680000083,-0.004639276910400294
119.0,0.119108,1.1619,0.0402667224,40.266722400000006,2.1803766105055344,0.3494918499999997,0.34008390440000125,-0.005731504819200515
120.0,0.120135,1.16413,0.0405463241,40.5463241,2.1896722939424285,0.29604324999999676,0.32893309240000035,-0.0012232623280000006
121.0,0.121122,1.16631,0.0408588089,40.8588089,2.1960980490244584,0.32482109999999764,0.31212535199999886,0.0024244766096003546
122.0,0.122134,1.16852,0.0411959663,41.195966299999995,2.1752115480338285,0.30014850000000237,0.32475592640000045,8.576643360038649e-05
123.0,0.123131,1.17068,0.0414591059,41.459105900000004,2.1997981836528377,0.30837395,0.34021400280000036,0.00028280443520020215
124.0,0.124116,1.17288,0.0418127142,41.812714199999995,2.1934197407776534,0.3577173000000009,0.3273864351999988,-0.0005512266032000237
125.0,0.125137,1.17508,0.0421745405,42.174540500000006,2.104477611940404,0.3289338000000015,0.3025534607999992,-0.0012176882368002745
126.0,0.126126,1.17711,0.0424705818,42.4705818,2.1118951612903776,0.28781589999999824,0.31820976639999954,0.0036668475536000256
127.0,0.127121,1.17927,0.0427501723,42.7501723,2.1556886227544245,0.3289338500000021,0.3206430244000002,0.003289692252799927
128.0,0.12813,1.18143,0.0431284495,43.1284495,2.1374811841444763,0.36182439999999616,0.3126185239999996,-0.00591283545440033
129.0,0.129114,1.18353,0.0434738211,43.473821099999995,2.1207584830339696,0.3124828999999991,0.31367196880000053,-0.009103433884799863
130.0,0.130134,1.18568,0.0437534153,43.7534153,2.135054617676264,0.2713725000000018,0.3174203768000007,0.0004820525024001192
131.0,0.131128,1.18783,0.0440165661,44.0165661,2.119838872104658,0.33715739999999883,0.3284056383999999,0.002313024144000009
132.0,0.13212,1.18989,0.0444277301,44.4277301,2.0835405271010004,0.3412663999999985,0.3329121840000005,-0.004057954137599902
133.0,0.133139,1.19202,0.0446990989,44.699098899999996,2.0987038883350104,0.2754833999999988,0.3227149399999989,-0.0020844291791999228
134.0,0.134126,1.1941,0.0449786969,44.978696899999996,2.098950524737619,0.2754833500000018,0.3003487620000004,0.0048735922800000955
135.0,0.13514,1.19622,0.0452500656,45.2500656,2.0932539682540057,0.3412663500000015,0.30515244200000086,0.007405953188799988
136.0,0.136142,1.19832,0.0456612296,45.6612296,2.090680100755619,0.3782697000000006,0.32242053759999917,-0.0014664734704000555
137.0,0.137125,1.20037,0.046006605,46.006605,2.066033016508237,0.3207084000000009,0.3054473927999999,-0.01011890926560011
138.0,0.138141,1.20245,0.0463026464,46.3026464,2.049751243781144,0.2878159499999988,0.2945270724000001,-0.006955312894399783
139.0,0.139135,1.20449,0.0465822369,46.5822369,2.0675743822491297,0.2795960500000021,0.3016979803999997,0.0018946811856001692
140.0,0.140124,1.20655,0.0468618385,46.861838500000005,2.0558882235528677,0.3289338000000015,0.32728746960000027,0.004562238350399584
141.0,0.141139,1.20861,0.0472401045,47.2401045,2.0059880239520465,0.32482109999999764,0.3310038352000004,-0.002796568555200055
142.0,0.142128,1.21057,0.0475114807,47.5114807,1.968111609367266,0.2713706500000015,0.2915006436,-0.0049896282335999
143.0,0.143146,1.21256,0.0477828458,47.782845800000004,2.005988023952157,0.3001503999999997,0.28311339280000025,0.0018409582735996936
144.0,0.144132,1.21459,0.0481117815,48.1117815,2.0464881253157503,0.2919304999999959,0.3019938016000012,0.005878378500800021
145.0,0.145125,1.21661,0.0483667068,48.366706799999996,2.0069721115537917,0.3289319500000012,0.31643348999999976,-0.00022009252639966715
146.0,0.14614,1.21862,0.0487696454,48.7696454,1.9830592924763712,0.3248192500000009,0.3088353915999994,-0.009789118599999883
147.0,0.147132,1.22059,0.0490163453,49.0163453,1.963036963036954,0.23436729999999883,0.2942967944000007,-0.005507015142399932
148.0,0.148142,1.22255,0.04923838,49.23838,1.9658976930792036,0.2713706500000015,0.2960391299999992,0.00508079784960014
149.0,0.149126,1.22451,0.0495590866,49.5590866,1.9909274193547737,0.3371537000000018,0.3048552255999984,0.005115582881599755
150.0,0.150126,1.2265,0.0499126874,49.9126874,1.9610778443113932,0.32482109999999764,0.3080459112000001,-0.001815022896000272
151.0,0.15113,1.22844,0.0502087288,50.208728799999996,1.9658976930793148,0.3083758000000003,0.2944280488000005,-0.00590977565599972
152.0,0.15212,1.23042,0.050529439,50.529439,1.9485108531044695,0.2919286500000027,0.2864681956000002,-0.002904035433600222
153.0,0.153111,1.2323,0.0507925861,50.7925861,1.9128693039559024,0.27959049999999763,0.2978814624000003,0.0017484159247994045
154.0,0.154117,1.23424,0.05108862,51.08862,1.92674360260917,0.32482109999999764,0.3047559224000005,0.0006480931008003415
155.0,0.155104,1.23614,0.0514422283,51.4422283,1.920960480240152,0.3001541000000003,0.30054635039999944,-0.002621748071999386
156.0,0.156116,1.23808,0.0516889282,51.6889282,1.9244157135753432,0.2837050500000018,0.2912700556000003,-0.0007697928176000613
157.0,0.157115,1.24001,0.0520096384,52.0096384,1.9286790557508073,0.3207083500000003,0.2836715084000014,0.0003769752863997584
158.0,0.158107,1.24192,0.0523303449,52.3303449,1.9303482587064251,0.2878159499999988,0.2859745083999986,-0.0007952651551998793
159.0,0.159125,1.24389,0.0525852703,52.5852703,1.9123505976095851,0.2713706500000015,0.29367152679999853,-0.0017703507871998894
160.0,0.160115,1.24576,0.0528730862,52.8730862,1.9023904382470807,0.2919286499999991,0.28725713400000097,-0.004022966695999884
161.0,0.161133,1.24771,0.0531691276,53.169127599999996,1.8774900398406797,0.2754796000000006,0.29008601680000085,-0.002144488900799801
162.0,0.162123,1.24953,0.0534240454,53.424045400000004,1.8589420654911557,0.26725790000000416,0.2981123671999992,0.00038170986559947105
163.0,0.163118,1.2514,0.0537036434,53.703643400000004,1.8734429496761182,0.2795960999999956,0.2773569655999994,-7.240232000054858e-05
164.0,0.16413,1.25329,0.0539832376,53.983237599999995,1.8634778276033332,0.27547959999999705,0.281797222400001,-0.0005973290175996242
165.0,0.165125,1.25514,0.0542546026,54.2546026,1.8277945619335316,0.27959050000000474,0.2820267416000006,-0.00023473944319976912
166.0,0.166116,1.25692,0.0545424186,54.542418600000005,1.8522216674987984,0.2960414,0.27505342800000093,-0.0007757092304003308
167.0,0.167128,1.25885,0.0548466854,54.8466854,1.8650000000000297,0.3001540499999962,0.28705948520000096,-0.005211694534399849
168.0,0.168116,1.26065,0.0551427267,55.1427267,1.8331668331668607,0.2508125999999997,0.27778348879999876,-0.0015724226191993597
169.0,0.16913,1.26252,0.0553483106,55.3483106,1.8512974051895557,0.30015040000000326,0.27462529519999895,0.004107397428800195
170.0,0.17012,1.26436,0.0557430275,55.743027500000004,1.8297009630004493,0.2754796500000012,0.27870504840000015,0.0013676375871998763
171.0,0.171103,1.26613,0.0558992699,55.8992699,1.828171828171823,0.2713706000000009,0.27808178879999945,0.000747285855999694
172.0,0.172122,1.26802,0.0562857687,56.285768700000006,1.8435475834579076,0.3248192500000009,0.27133839879999927,-0.0023224588640006604
173.0,0.17311,1.26983,0.0565489084,56.5489084,1.8422366450324326,0.2508088999999991,0.2610088616000012,-0.003675048870400382
174.0,0.174125,1.27171,0.0567873865,56.787386500000004,1.8204613841524724,0.26314704999999705,0.28419736600000123,-0.0003087449455997677
175.0,0.175104,1.27346,0.0570752025,57.075202499999996,1.8034447821681872,0.27548334999999824,0.2894924684000005,-0.0028249088959996288
176.0,0.176099,1.27527,0.0573383532,57.3383532,1.8109452736317884,0.2590380500000009,0.2849535892000005,-0.00676626463039983
177.0,0.177114,1.2771,0.0575932786,57.5932786,1.789631106680055,0.2508126500000003,0.2839010683999993,-0.002348170161599769
178.0,0.178105,1.27886,0.0578399785,57.8399785,1.7664821338702037,0.24669990000000297,0.26887041439999887,0.008020462635200072
179.0,0.179101,1.28061,0.0580866784,58.086678400000004,1.765586034912675,0.3042611999999991,0.2754497663999987,0.008573586924799825
180.0,0.18011,1.2824,0.0584485009,58.4485009,1.7949999999999895,0.3207065,0.27498862399999985,0.00014614414880003858
181.0,0.181101,1.2842,0.0587280914,58.728091400000004,1.7891054472763177,0.2754796500000012,0.25587758040000086,-0.005037979617600122
182.0,0.182111,1.28598,0.0589994602,58.9994602,1.7749999999999695,0.26314704999999705,0.24170072119999972,-0.005564634753600253
183.0,0.183101,1.28775,0.0592543855,59.2543855,1.7875125881168863,0.28370879999999943,0.2631130047999998,-0.0021407066431999725
184.0,0.184097,1.28953,0.0595668778,59.5668778,1.7492566897918964,0.2919286499999991,0.28580738439999936,-0.0012660447967997727
185.0,0.185119,1.29128,0.0598382428,59.838242799999996,1.7483902922238956,0.2795905000000012,0.2864997552000003,-0.006348567867199875
186.0,0.186116,1.29306,0.0601260588,60.1260588,1.7380478087649525,0.22202920000000148,0.2727510864000013,-0.006961495033600386
187.0,0.187127,1.29477,0.0602823012,60.2823012,1.6915422885571516,0.19325129999999646,0.2591009992000003,0.004160516441599734
188.0,0.188126,1.29646,0.0605125614,60.512561399999996,1.7421953675730069,0.28370319999999793,0.2636410032000003,0.009788263929600234
189.0,0.189113,1.29823,0.0608497076,60.849707599999995,1.7482517482517743,0.2878103000000003,0.2665675088000004,0.0022222363920002875
190.0,0.190128,1.29996,0.061088182,61.088181999999996,1.7382617382616987,0.2795960500000021,0.26413308600000024,-0.003682063543999704
191.0,0.191115,1.30171,0.0614088997,61.4088997,1.733198585144027,0.26725795000000474,0.24554812199999962,-0.005883109422399929
192.0,0.192107,1.30339,0.0616226979,61.622697900000006,1.7074388417373791,0.22202920000000148,0.23716155599999825,-0.0034622397871998905
193.0,0.193118,1.30513,0.0618529581,61.8529581,1.702553830746044,0.2508125999999997,0.26475830719999965,0.0014140076736003206
194.0,0.194104,1.30679,0.0621243231,62.124323100000005,1.670822942643502,0.2713706000000009,0.2645917584000003,-0.0007741001664002827
195.0,0.195123,1.30848,0.0623956993,62.395699300000004,1.6699801192842976,0.2878177999999991,0.2589348479999998,-0.005805158128000816
196.0,0.196116,1.31015,0.0626999587,62.6999587,1.7060895822848394,0.2508088999999991,0.25989024720000053,-0.002500035440000562
197.0,0.19711,1.31187,0.0628973171,62.8973171,1.6981132075471692,0.21380929999999765,0.24433249600000054,0.0034625724720000607
198.0,0.19813,1.31357,0.0631275773,63.1275773,1.673286991062509,0.2590380500000009,0.249298230800002,0.0006508574080001392
199.0,0.199124,1.31524,0.0634153932,63.415393200000004,1.6857855361596754,0.2549178999999988,0.2641335888000024,-0.00036745585440006945
200.0,0.200135,1.31695,0.0636374131,63.637413099999996,1.6600199401794826,0.25080519999999495,0.2509439847999992,0.0016578616656005027
201.0,0.20113,1.31857,0.0639170036,63.917003599999994,1.6666666666666667,0.27959794999999943,0.24202900839999822,-0.001630319089599237
202.0,0.202127,1.32027,0.064196609,64.196609,1.6866267465069504,0.2302564500000024,0.25222716119999866,-0.0013863188847993682
203.0,0.203134,1.32195,0.0643775165,64.3775165,1.624874623871573,0.2302490000000077,0.242883539999999,-6.955369759975882e-05
204.0,0.204121,1.32351,0.064657107,64.65710700000001,1.6244939271254915,0.27959420000000534,0.23774955359999775,-0.004966316521601031
205.0,0.20511,1.32516,0.0649367049,64.93670490000001,1.6558279139570509,0.2138092999999941,0.2601189079999984,-0.004121994985601294
206.0,0.20612,1.32682,0.0650847256,65.0847256,1.6458229114557348,0.24669989999999586,0.25827976400000124,0.0018286012511996492
207.0,0.207109,1.32845,0.0654301047,65.4301047,1.6550348953140461,0.2960414,0.2506481904000015,-0.0024786281311998536
208.0,0.208126,1.33014,0.0656768084,65.6768084,1.6674962667994864,0.18913299999999822,0.24873858480000274,-0.0017537649839996323
209.0,0.209118,1.3318,0.0658083707,65.8083707,1.6244939271254688,0.21380184999999585,0.23874037960000213,0.008406863526400705
210.0,0.210102,1.33335,0.0661044121,66.10441209999999,1.6241879060469617,0.3083758000000003,0.2275243095999984,0.0038732985648006766
211.0,0.211119,1.33505,0.0664251223,66.4251223,1.626056688214773,0.25081260000000327,0.24324623199999792,-0.004137423523199952
212.0,0.212113,1.33662,0.0666060373,66.6060373,1.5944195316391907,0.27137249999999824,0.2457130599999988,-0.005927429241600098
213.0,0.213126,1.33825,0.0669678673,66.9678673,1.6258129064532136,0.24258720000000267,0.21745636959999956,-0.009189109260799954
214.0,0.214112,1.33987,0.0670912117,67.0912117,1.6287303995953644,0.18913670000000593,0.24400182880000137,-0.004196851617600711
215.0,0.215103,1.34147,0.0673461407,67.3461407,1.5810473815461878,0.22614374999999853,0.26534990040000156,0.006069316198399194
216.0,0.216117,1.34304,0.0675434992,67.5434992,1.6019900497512347,0.24669989999999586,0.2420939559999997,0.005018486185600272
217.0,0.217113,1.34469,0.0678395405,67.8395405,1.594634873323376,0.23436544999999853,0.24285263319999864,-0.003677953879999236
218.0,0.21813,1.34625,0.0680122301,68.0122301,1.5637450199203822,0.20147115000000326,0.22153633560000013,0.0014270055296005516
219.0,0.219121,1.34783,0.0682424828,68.2424828,1.5901060070671225,0.2631470500000077,0.20499121640000198,0.00654684837439983
220.0,0.220111,1.3494,0.0685385242,68.53852420000001,1.5810473815460988,0.2590306499999997,0.2319981195999992,-0.003455201416000888
221.0,0.221126,1.351,0.0687605441,68.7605441,1.5886454183266985,0.21791459999999319,0.25074541039999865,-0.006536047224000562
222.0,0.222119,1.35259,0.0689743534,68.9743534,1.5858585858585381,0.23848189999999647,0.24169960720000086,-0.007139764383999456
223.0,0.223106,1.35414,0.0692375079,69.2375079,1.5810473815462096,0.19735839999999882,0.22373980320000147,-0.0051217740831990405
224.0,0.224124,1.35576,0.0693690702,69.3690702,1.5744892874937906,0.18502400000000563,0.24107399680000088,0.006201375449599764
225.0,0.225113,1.3573,0.0696075559,69.60755590000001,1.5576635047428877,0.26315079999999824,0.24117277279999877,0.006952891996799111
226.0,0.226127,1.35888,0.0698953718,69.89537179999999,1.5737051792829084,0.29192489999999793,0.2292344199999976,-0.0013187905087999833
227.0,0.227121,1.36046,0.0701914057,70.1914057,1.5744466800803962,0.24258720000000267,0.23120840159999864,-0.005429348831999644
228.0,0.228115,1.36201,0.0703805462,70.3805462,1.571641051065873,0.18913669999999883,0.21064826080000143,-2.9938782399897556e-05
229.0,0.229138,1.36363,0.0705696791,70.5696791,1.5461346633417132,0.23847444999999823,0.22505579160000241,0.002365979175999963
230.0,0.23012,1.36511,0.0708574951,70.8574951,1.5218483174284778,0.2549253500000006,0.2359106395999989,-0.003381349897600249
231.0,0.231129,1.36666,0.0710795298,71.0795298,1.526946107784458,0.23436914999999914,0.2267333579999974,-0.003264713648000063
232.0,0.232124,1.36817,0.0713262334,71.32623339999999,1.5516372795969733,0.23847444999999823,0.22321387959999892,-0.0030081115375995126
233.0,0.233114,1.36974,0.0715564787,71.5564787,1.5376934598102667,0.18502400000000563,0.21311600719999962,-9.76399998370292e-08
234.0,0.234127,1.37125,0.0716962814,71.6962814,1.501246882792991,0.24258720000000267,0.22864272400000119,0.0034405378863993164
235.0,0.235119,1.37275,0.0720416531,72.0416531,1.5065722952477105,0.19324574999999555,0.2266686524000017,-0.0022808371904005477
236.0,0.236105,1.37423,0.0720827729,72.0827729,1.5116857284933538,0.17680599999999203,0.21719416639999958,-0.005329483001599831
237.0,0.23713,1.37579,0.0723952651,72.39526509999999,1.507188894397593,0.24258714999999853,0.22160140519999896,-0.0025727351215992567
238.0,0.238122,1.37727,0.0725679472,72.56794719999999,1.516966067864233,0.20558385000000357,0.21341193800000025,0.0008660140480009673
239.0,0.239134,1.37883,0.0728064328,72.8064328,1.5415415415415274,0.22203475000000594,0.2207131547999992,-0.0005229815711999434
240.0,0.24012,1.38035,0.0730120167,73.0120167,1.509625126646413,0.20558015000000296,0.22104213719999963,-0.00010624022720087156
241.0,0.241108,1.38181,0.0732175931,73.2175931,1.4835164835165502,0.20146744999999555,0.20699783159999935,0.0032753409679995736
242.0,0.242122,1.38332,0.0734149516,73.4149516,1.5049999999999772,0.23847819999999587,0.20203111359999917,-0.00010115055039996124
243.0,0.243108,1.38482,0.0736945495,73.6945495,1.5092453773112426,0.22614374999999853,0.20831515640000187,-0.001921140531199867
244.0,0.244123,1.38634,0.0738672391,73.86723909999999,1.475409836065632,0.2179146000000003,0.205682995200003,-0.0023468882143996544
245.0,0.245121,1.38779,0.0741303787,74.1303787,1.4629258517034254,0.2672560500000074,0.19903597239999915,-0.007146729956800071
246.0,0.246119,1.38926,0.0744017512,74.4017512,1.5107553776888551,0.1809112500000012,0.2245936243999991,-0.006603268704000412
247.0,0.24712,1.39081,0.0744922012,74.4922012,1.5156092648539656,0.14391164999999262,0.22462818840000023,0.0021555314992006223
248.0,0.248105,1.39227,0.0746895745,74.68957449999999,1.469696969696967,0.23436920000000327,0.21239151759999925,0.004647099492800853
249.0,0.2491,1.39372,0.0749609396,74.9609396,1.476143141153161,0.18502400000000563,0.2102203032000014,0.002850054926399157
250.0,0.250117,1.39524,0.0750596225,75.0596225,1.4682539682538818,0.18091124999999408,0.20380726600000162,0.006002281638399211
251.0,0.251116,1.39668,0.0753227621,75.32276209999999,1.4186507936507131,0.27547780000000444,0.18463033279999855,0.00014191145920032167
252.0,0.252133,1.3981,0.0756105781,75.61057810000001,1.4420686225759056,0.20147115000000326,0.18634151239999788,-0.008443287233600072
253.0,0.253127,1.39958,0.0757257044,75.7257044,1.4766449020593342,0.18502394999999439,0.2141688204000023,-0.00743587610239961
254.0,0.254124,1.40104,0.075980626,75.980626,1.4591633466134775,0.19736215000000357,0.21025333800000215,-0.003931640830399639
255.0,0.255135,1.40251,0.0761204287,76.1204287,1.4385614385614327,0.16858059999999853,0.2169967615999975,-0.0008651965664008107
256.0,0.256126,1.40392,0.0763177872,76.3177872,1.4628057913130967,0.19735844999999586,0.22163451240000018,0.0028138275967996168
257.0,0.257138,1.40544,0.0765151456,76.5151456,1.467935871743427,0.19735839999999882,0.19420175679999999,0.006651684374400827
258.0,0.258122,1.40685,0.076712504,76.712504,1.4552804446690153,0.23025275000000534,0.18729494839999836,0.0035888463968002902
259.0,0.259117,1.40832,0.0769756511,76.97565110000001,1.4307004470938958,0.23436550000000267,0.18206543760000232,0.0007067702847987887
260.0,0.260135,1.40973,0.077181235,77.181235,1.4228855721393372,0.22614374999999143,0.19384060919999968,-0.002338803545600105
261.0,0.261127,1.41118,0.0774279386,77.42793859999999,1.4465725806452474,0.18913669999999883,0.20420131119999843,-0.009136420316799072
262.0,0.262119,1.4126,0.0775595084,77.5595084,1.4264413518886225,0.1809112500000012,0.20314862919999957,-0.006299378633599961
263.0,0.263139,1.41405,0.0777897611,77.78976109999999,1.4142928535731358,0.18091499999999883,0.20479369600000108,0.0006204058656003288
264.0,0.26412,1.41543,0.0779213384,77.9213384,1.4342828585706966,0.160355150000008,0.2025909747999993,0.0038682958319999094
265.0,0.26514,1.41692,0.0781104714,78.11047140000001,1.4378109452736925,0.23025274999999823,0.20992571159999654,0.001110963990399174
266.0,0.26613,1.41832,0.0783818439,78.38184389999999,1.4155712841254224,0.20558384999999646,0.19025408760000143,-0.00298808096479988
267.0,0.267118,1.41972,0.0785216391,78.5216391,1.4064837905236889,0.18502399999999852,0.18397184160000166,-0.002303585251199374
268.0,0.268135,1.42114,0.0787518919,78.75189189999999,1.3943028485756537,0.1726895500000012,0.19189876119999996,0.0009230506975998005
269.0,0.269119,1.42251,0.0788670182,78.8670182,1.4214214214213985,0.18502769999999913,0.19785267360000153,0.004277633550399248
270.0,0.270133,1.42398,0.0791219473,79.12194729999999,1.4071856287425333,0.24258719999999556,0.1986433543999994,-0.0018088142447994962
271.0,0.271123,1.42533,0.0793521926,79.3521926,1.372549019607818,0.176798550000008,0.1743026115999988,-0.005134383575999149
272.0,0.272122,1.42671,0.0794755444,79.4755444,1.423611111111063,0.1768022500000015,0.17502577160000107,0.0017311639391998747
273.0,0.273139,1.4282,0.0797057971,79.7057971,1.4328507239141806,0.21380184999999585,0.1738078028000017,0.0026850061839998928
274.0,0.274125,1.42958,0.0799031481,79.9031481,1.4054600606673575,0.2179183000000009,0.1946946599999995,-0.003737800819200299
275.0,0.275117,1.43098,0.0801416337,80.1416337,1.3672654690618546,0.1603588500000015,0.20818114039999824,-0.008241470062400384
276.0,0.276129,1.43232,0.0802238658,80.2238658,1.3750000000000138,0.12335184999999882,0.1834793100000009,-0.004449832855999561
277.0,0.277117,1.43373,0.0803883374,80.3883374,1.4028056112224032,0.17680230000000563,0.1856836032000009,0.0006037712432002235
278.0,0.278125,1.43512,0.0805774704,80.57747040000001,1.3891675025076065,0.16035140000000325,0.19969474320000058,0.005551795291199265
279.0,0.279111,1.4365,0.0807090402,80.7090402,1.3938165230613415,0.21791454999999615,0.19443332440000036,0.005286712489599551
280.0,0.280098,1.43787,0.0810132995,81.0132995,1.354999999999994,0.2138092999999941,0.17427081919999954,-0.002305815121599622
281.0,0.281111,1.43921,0.0811366588,81.13665879999999,1.358695652173948,0.16447159999999883,0.17117662879999943,-0.0019415712415993642
282.0,0.282122,1.44062,0.0813422427,81.3422427,1.3875123885034124,0.18091500000000593,0.1714387544000013,0.0024025263472002628
283.0,0.283129,1.44201,0.0814984888,81.4984888,1.3600000000000267,0.21380555000000356,0.1701232435999991,0.0010415430927994695
284.0,0.284122,1.44334,0.0817698538,81.7698538,1.3487669854051678,0.20558384999999646,0.18801652519999812,-0.004444867065600572
285.0,0.285116,1.44469,0.0819096565,81.9096565,1.3702042850024814,0.18502774999999616,0.1802871299999993,-0.006337740020799695
286.0,0.286129,1.44609,0.0821399093,82.1399093,1.3383084577114754,0.18913299999999822,0.1807169479999992,-0.005337102503999318
287.0,0.287126,1.44738,0.0822879225,82.2879225,1.3387015601408843,0.13568250000000148,0.18114346320000185,-0.0036480536512002283
288.0,0.288116,1.44875,0.0824112743,82.4112743,1.3763763763762804,0.15213339999999675,0.18745951280000075,0.0018863286223992585
289.0,0.289124,1.45013,0.0825921893,82.59218929999999,1.3529705441836974,0.18090755000000058,0.19565056119999735,0.003942393763199903
290.0,0.290119,1.45146,0.0827730894,82.7730894,1.3313462493790527,0.16034770000000265,0.18068220959999906,0.0027964669104002596
291.0,0.291137,1.45281,0.0829128847,82.91288469999999,1.3303437967114975,0.2014748999999938,0.16745922480000183,0.0033331442400005382
292.0,0.292126,1.45413,0.0831760392,83.17603919999999,1.338383838383834,0.15624240000000356,0.15091458480000206,0.003071851966400099
293.0,0.293117,1.45546,0.0832253695,83.2253695,1.352295409181628,0.1726932500000018,0.15170267079999944,-0.0007925155232004588
294.0,0.29413,1.45684,0.0835214257,83.5214257,1.334999999999974,0.2261436999999944,0.1641025903999988,-0.008287742891199625
295.0,0.295117,1.45813,0.0836776569,83.67765689999999,1.3104135525660972,0.16857310000000325,0.17706476479999902,-0.011032556423999097
296.0,0.296137,1.45947,0.0838585719,83.8585719,1.3466334164589402,0.1480244500000083,0.17847892839999974,-0.006248235043200003
297.0,0.297122,1.46083,0.0839737058,83.9737058,1.344792719919028,0.13979900000000356,0.18459751520000106,0.0018560404543990197
298.0,0.298115,1.46213,0.0841381699,84.13816990000001,1.3021868787275481,0.12745704999999674,0.18469779799999997,0.007780902849599259
299.0,0.299134,1.46345,0.0842286199,84.2286199,1.3078070611636756,0.1644678499999941,0.17025419240000086,0.005271019504000166
300.0,0.300126,1.46476,0.0844671056,84.4671056,1.3159216474134168,0.20970034999999854,0.15239426680000184,0.0016526637760006114
301.0,0.301125,1.46607,0.0846480206,84.6480206,1.3300248138957966,0.16034765000000561,0.1458831812000019,0.0038096398784001296
302.0,0.302141,1.46744,0.0847878009,84.78780090000001,1.3233830845771597,0.22614374999999853,0.15529027399999978,-0.002447042731200347
303.0,0.303135,1.46873,0.0851003081,85.10030809999999,1.2956478239118725,0.17269329999999883,0.17032249439999866,-0.01233356248159983
304.0,0.30414,1.47003,0.0851331875,85.1331875,1.3049999999999995,0.1110062000000056,0.17785508479999884,-0.009147584534399587
305.0,0.305135,1.47134,0.0853223205,85.3223205,1.3289540171804926,0.14802439999999706,0.1619664216000008,-0.0007963324495999857
306.0,0.306119,1.47266,0.0854292363,85.4292363,1.3071895424836155,0.14390794999999912,0.1709434892000012,0.006641592854399836
307.0,0.307124,1.47394,0.0856101364,85.6101364,1.280120481927594,0.18502769999999913,0.1913402655999981,0.008453223454399908
308.0,0.308111,1.47521,0.0857992917,85.7992917,1.296111665004948,0.2097003000000015,0.14963147519999853,0.0035387687631999133
309.0,0.30913,1.47654,0.086029537,86.029537,1.2924151696607566,0.1644641500000006,0.13367629160000047,-0.003867897959999974
310.0,0.310115,1.4778,0.08612822,86.12822,1.271529888551187,0.08634105000000147,0.14864715319999994,-0.0029568040304002673
311.0,0.311104,1.47905,0.0862022191,86.20221910000001,1.2885572139303867,0.20146739999999852,0.1579220552000005,0.0010769161039989128
312.0,0.312125,1.48039,0.0865311548,86.5311548,1.3056379821958184,0.2179182999999938,0.17699947840000174,-0.010210078926400336
313.0,0.313126,1.48169,0.0866380557,86.6380557,1.3102409638554264,0.10279194999999675,0.17351368280000168,-0.011680450399998854
314.0,0.314117,1.483,0.0867367387,86.73673869999999,1.283716283716262,0.12334810000000118,0.16959640799999964,0.0032460157200011547
315.0,0.315128,1.48426,0.0868847519,86.8847519,1.2825651302604701,0.14802440000000416,0.14880712719999992,0.01019342723680046
316.0,0.316113,1.48556,0.0870327875,87.0327875,1.2456228114057712,0.1644678500000012,0.161043961999998,0.008072431769600114
317.0,0.317127,1.48675,0.0872136876,87.2136876,1.2481278082875218,0.18913300000000532,0.1610441295999961,0.0008544901887995709
318.0,0.318116,1.48806,0.0874110535,87.41105350000001,1.3340070742799213,0.1603588500000015,0.125948444399999,-0.003241603083201115
319.0,0.319106,1.48939,0.0875344053,87.5344053,1.3069604406610111,0.20969284999999616,0.1346998572000025,-0.006619128344000695
320.0,0.320113,1.49067,0.0878304392,87.8304392,1.2481203007519162,0.13568250000000148,0.15331803760000332,-0.006627518502400143
321.0,0.321101,1.49188,0.0878057703,87.8057703,1.229467396714746,0.11101364999999674,0.17127638040000165,-0.002892961284800305
322.0,0.322122,1.49314,0.0880524665,88.0524665,1.2506203473944761,0.16857314999999318,0.16568282440000126,-0.007229814273599487
323.0,0.323116,1.4944,0.0881429166,88.14291659999999,1.2437059415912435,0.11101740000000149,0.15653840319999932,-0.0029385522527983978
324.0,0.324108,1.49561,0.0882745013,88.2745013,1.2437810945273293,0.12746825000000683,0.16173448999999768,0.009769649913600893
325.0,0.325126,1.4969,0.0883978531,88.3978531,1.263681592039787,0.16446780000000416,0.13775517839999946,0.011262582411199517
326.0,0.326118,1.49815,0.0886034369,88.6034369,1.2518703241895455,0.19324939999999913,0.13305238800000008,0.000755347102399118
327.0,0.327131,1.49941,0.0887843519,88.7843519,1.2518703241895455,0.13568254999999851,0.14140863399999773,-0.006635140846400718
328.0,0.328123,1.50066,0.088874802,88.874802,1.252505010020126,0.1397915499999982,0.12104888839999955,-0.004779991492800408
329.0,0.329127,1.50191,0.089063935,89.063935,1.2462760675271949,0.15624239999999645,0.1313130504000028,-0.006672229358399838
330.0,0.330137,1.50317,0.0891872868,89.1872868,1.2162162162161825,0.13568250000000148,0.1606858368000013,-0.006070356654399527
331.0,0.331125,1.50434,0.0893353,89.3353,1.216421692853612,0.13157355000000592,0.16676888039999987,-0.001138315201600127
332.0,0.33211,1.50557,0.0894504339,89.45043390000001,1.2575150300601277,0.13157724999999232,0.14097964999999885,-0.0030679812255998847
333.0,0.333121,1.50685,0.0895984545,89.59845449999999,1.245640259093159,0.09456644999999497,0.1367373155999996,0.002694121676800869
334.0,0.334117,1.50807,0.0896395668,89.6395668,1.203381402287362,0.11924285000000623,0.13778850359999967,0.012841167556799921
335.0,0.335132,1.50927,0.0898369402,89.8369402,1.2306925759840537,0.1932532000000009,0.1270649407999998,0.005436009993599274
336.0,0.336124,1.51054,0.0900260732,90.0260732,1.265758951084214,0.1767985500000009,0.1285162916000012,-0.008058658596800375
337.0,0.337115,1.51178,0.0901905373,90.1905373,1.2306925759840195,0.11923904999999735,0.12581931959999867,-0.006916815191999941
338.0,0.338131,1.51301,0.0902645513,90.2645513,1.1964107676969942,0.11924280000000209,0.11377724400000028,-0.00022081209439965744
339.0,0.339121,1.51418,0.0904290229,90.4290229,1.1990049751243825,0.13156610000000057,0.14216474560000109,-0.00260977793119983
340.0,0.340141,1.51542,0.0905276835,90.5276835,1.2075848303392513,0.11512264999999644,0.16216346759999903,-0.0033508228223999162
341.0,0.341125,1.5166,0.0906592682,90.6592682,1.1892712550607798,0.13569370000000447,0.1414726655999997,-0.0017278576400000239
342.0,0.342117,1.51777,0.0907990709,90.7990709,1.201995012468852,0.12335180000000179,0.12367993519999919,-0.0006826839823999852
343.0,0.34313,1.51901,0.0909059718,90.9059718,1.204397801099477,0.09045005000000117,0.13552267080000013,0.007474159702399769
344.0,0.344118,1.52018,0.090979971,90.979971,1.1999999999999889,0.16857309999999615,0.14252457760000067,0.008012971585599547
345.0,0.345105,1.52138,0.091243118,91.243118,1.2224448897795595,0.16446409999999645,0.1259812632,-0.003558241084800064
346.0,0.346114,1.52262,0.0913088992,91.3088992,1.2393803098450773,0.11512640000000118,0.12808888240000005,-0.007379322254399869
347.0,0.347106,1.52386,0.0914733708,91.4733708,1.2145345943255106,0.11924284999999912,0.11982824520000117,-0.0007055006239995203
348.0,0.348123,1.52506,0.0915473849,91.5473849,1.1970074812967495,0.16858429999999913,0.12660317919999983,0.002713341044800635
349.0,0.349111,1.52626,0.0918105394,91.8105394,1.2139605462822205,0.16857310000000325,0.14712992719999773,-0.002874681311999928
350.0,0.3501,1.52746,0.0918845311,91.8845311,1.1938061938062485,0.10279189999999971,0.13904129039999974,-0.005041539664000277
351.0,0.351113,1.52865,0.0920161232,92.0161232,1.1618669314796697,0.12335179999999468,0.12697018719999914,-0.002459480425600073
352.0,0.352114,1.5298,0.0921312347,92.1312347,1.1738484398216897,0.10689720000000591,0.12407538159999978,0.00013012840799942182
353.0,0.353132,1.53102,0.0922299176,92.22991760000001,1.2071535022354103,0.14390794999999912,0.1318687132000016,0.004260122380799282
354.0,0.354127,1.53223,0.0924190506,92.41905059999999,1.1895161290322251,0.14390799999999615,0.13785194960000205,0.002698987275200401
355.0,0.355116,1.53338,0.0925177336,92.5177336,1.177354709418876,0.12746830000000386,0.12081624880000072,-0.0025913000383994463
356.0,0.356123,1.53458,0.0926739872,92.6739872,1.1788211788212464,0.12335179999999468,0.11519359439999993,-0.003852722299199537
357.0,0.357118,1.53574,0.0927644372,92.76443719999999,1.1610297829379208,0.09456645000000208,0.11390897640000071,-0.00044535122559945115
358.0,0.358104,1.53688,0.0928631201,92.8631201,1.1855927963981738,0.10689720000000591,0.11387656239999762,0.0012925892815999482
359.0,0.359117,1.53811,0.0929782316,92.9782316,1.1788211788211356,0.16034770000000265,0.12575285039999948,-0.003874989254400593
360.0,0.360106,1.53924,0.0931838155,93.18381550000001,1.16151545363905,0.12335180000000179,0.13190455200000104,-0.004325748227200639
361.0,0.361123,1.54044,0.0932249352,93.2249352,1.1776447105789087,0.08635220000000032,0.12022453360000049,0.001154281937599813
362.0,0.36211,1.5416,0.0933565199,93.35651990000001,1.181221605249905,0.10279194999999675,0.110750211600002,0.0015317512975999855
363.0,0.363104,1.54278,0.0934305191,93.4305191,1.1685728493286274,0.07400664999999407,0.11999219800000066,0.0025028867536004314
364.0,0.364121,1.54395,0.0935045332,93.5045332,1.1576846307384585,0.14802440000000416,0.12380746399999981,0.001796361600000437
365.0,0.365108,1.5451,0.0937265679,93.7265679,1.1538461538461688,0.1644678500000012,0.10920758679999909,-0.005686049012799995
366.0,0.366123,1.54626,0.0938334689,93.8334689,1.142005958292042,0.10690095000000355,0.11749851239999867,-0.006536909911999796
367.0,0.367122,1.5474,0.0939403698,93.94036980000001,1.1356783919597362,0.10279189999999971,0.1258163215999998,0.0008883960623995147
368.0,0.368113,1.54852,0.0940390527,94.0390527,1.1254980079680865,0.12334809999999408,0.1161787320000007,0.000746262678399227
369.0,0.36913,1.54966,0.094187066,94.187066,1.187032418952655,0.1068971999999988,0.12611547280000143,-0.002464031921600163
370.0,0.370118,1.5509,0.0942528471,94.2528471,1.1782477341389845,0.10690834999999765,0.11828613079999878,0.0055672183392002994
371.0,0.371116,1.552,0.0944008827,94.4008827,1.1205179282868896,0.16858429999999913,0.0950942616000006,0.008273558131200663
372.0,0.372126,1.55315,0.0945900157,94.5900157,1.1266900350525266,0.15212595000000562,0.10147492840000069,-0.0017810266287996113
373.0,0.373113,1.55425,0.0947051346,94.70513460000001,1.1354581673307016,0.10279195000000385,0.11410531639999755,-0.006362298425600025
374.0,0.374134,1.55543,0.0947955996,94.7955996,1.1361361361361018,0.09457394999999735,0.09765765479999891,-0.009619728804800498
375.0,0.375111,1.55652,0.0948942825,94.8942825,1.119592875318059,0.09046119999999291,0.1059184887999994,-0.010107579764800142
376.0,0.376099,1.55763,0.094976522,94.97652199999999,1.1326378539493664,0.06578490000000414,0.14400843440000125,0.0007646724096001108
377.0,0.377124,1.5588,0.0950258523,95.02585230000001,1.1215880893299957,0.10278820000000621,0.13489306560000147,0.005663194137599236
378.0,0.378114,1.55989,0.0951820984,95.1820984,1.106679960119692,0.12334809999999408,0.11025872480000026,0.001119104417599794
379.0,0.37913,1.56102,0.0952725485,95.2725485,1.130478087649394,0.0493340499999988,0.0969716004000004,0.0032150156384005727
380.0,0.380122,1.56216,0.0952807665,95.2807665,1.1553985872855308,0.09046120000000002,0.07170805119999904,0.007448075020800432
381.0,0.381112,1.56331,0.0954534709,95.4534709,1.1144427786106856,0.19324945000000326,0.08338406200000083,0.0004140618896001944
382.0,0.382123,1.56439,0.0956672654,95.6672654,1.1072144288577392,0.1480132499999982,0.10644399959999981,-0.005801753527999812
383.0,0.383108,1.56552,0.0957494974,95.7494974,1.1195542046605929,0.10279189999999971,0.09923981119999768,-0.005624576775999748
384.0,0.384097,1.5666,0.0958728492,95.8728492,1.093906093906049,0.08223580000000652,0.09867857359999971,-0.008952507604800604
385.0,0.38511,1.56771,0.095913969,95.91396900000001,1.113886113886089,0.012334449999997332,0.10634443159999955,-0.0019345380624004947
386.0,0.386099,1.56883,0.0958975181,95.8975181,1.1111111111110987,0.11101734999999735,0.10627631079999958,0.007968008379200135
387.0,0.387117,1.56994,0.0961360037,96.1360037,1.1066799601197226,0.13569369999999736,0.10594716159999967,0.0004784182063996969
388.0,0.388105,1.57105,0.0961689055,96.1689055,1.1026808295397388,0.07812309999999911,0.12022663760000261,-0.002763854220800308
389.0,0.389094,1.57212,0.0962922499,96.2922499,1.1005976095617702,0.12745710000000088,0.10923893200000168,0.0003183863488001615
390.0,0.390113,1.57326,0.0964238197,96.4238197,1.1166500498504541,0.06578489999999704,0.07966831199999728,-0.0024895359791995554
391.0,0.3911,1.57436,0.0964238197,96.4238197,1.1149825783970904,0.024665149999997027,0.10440744919999946,0.0021438554240003583
392.0,0.392122,1.5755,0.09647315,96.47314999999999,1.089010442565853,0.1315735000000018,0.11111734560000093,0.008172766200000504
393.0,0.393111,1.57655,0.0966869667,96.6869667,1.0982367758186982,0.2097003000000086,0.08338247359999901,0.002009774030399956
394.0,0.394107,1.57768,0.0968925506,96.8925506,1.110004977600863,0.1397915499999982,0.09670237159999738,-0.005752681678400783
395.0,0.39512,1.57878,0.0969665498,96.9665498,1.082294264339136,0.049341449999992903,0.08321818599999967,-0.002136520271999645
396.0,0.396112,1.57985,0.0969912335,96.99123349999999,1.093670886075947,0.09457765000000506,0.0729890404000007,-0.0022082284991996473
397.0,0.397095,1.58094,0.0971557051,97.1557051,1.091180866965588,0.12335185000000592,0.11196886679999966,-0.009383666545601198
398.0,0.398119,1.58204,0.0972379372,97.2379372,1.0801393728222815,0.049330299999994054,0.12315201120000131,-0.002517946164800769
399.0,0.399104,1.58311,0.0972543657,97.2543657,1.0810810810811622,0.1068971999999917,0.11440416799999946,0.0018378131968010876
400.0,0.400117,1.5842,0.0974517316,97.45173159999999,1.069119840875132,0.09045750000000652,0.10098504080000072,-0.0008790636191989516
401.0,0.401115,1.58526,0.0974352807,97.4352807,1.0881612090679718,0.032894300000002374,0.09703636560000331,0.006691689593599639
402.0,0.402102,1.58636,0.0975175202,97.51752019999999,1.1066599899849854,0.094566499999992,0.07779065919999886,0.007402679534399728
403.0,0.403112,1.58747,0.0976244137,97.62441369999999,1.086739780658057,0.09456275000000147,0.07015746759999564,0.0002573287632001788
404.0,0.404108,1.58854,0.0977066457,97.7066457,1.0883674488268076,0.1562535500000024,0.09453398679999907,-0.00303531975359949
405.0,0.405115,1.58965,0.0979369208,97.9369208,1.0694652673663456,0.13568625000000623,0.08595165240000358,-0.005532530161599576
406.0,0.406109,1.59068,0.0979780182,97.97801820000001,1.0672736469398327,0.06578120000000354,0.07881390400000078,-0.006909943324800949
407.0,0.407092,1.59176,0.0980684832,98.0684832,1.0812157448928879,0.020556149999990225,0.091869179599998,-0.0058955567856008384
408.0,0.408116,1.59285,0.0980191305,98.01913049999999,1.0586481113319834,0.08223204999999467,0.09321957479999952,0.0006953174240007853
409.0,0.409104,1.59389,0.0982329473,98.23294729999999,1.0627530364372244,0.12335185000000592,0.10322135160000095,0.0037385529456009418
410.0,0.410092,1.59495,0.0982658342,98.2658342,1.0523690773067722,0.09046120000000712,0.09894075280000277,-0.00028441094880054174
411.0,0.411109,1.596,0.0984138697,98.4138697,1.0586481113319834,0.08634849999999972,0.08522519120000084,0.00030136209279871506
412.0,0.412104,1.59708,0.0984385312,98.4385312,1.0707171314740358,0.06989019999999613,0.08147653839999902,0.001369211374399964
413.0,0.413117,1.59815,0.0985536501,98.5536501,1.0534198701946373,0.06990134999999498,0.06667631880000136,0.001435515688001127
414.0,0.414107,1.59919,0.0985783339,98.57833389999999,1.04733131923469,0.08223205000000178,0.07973594200000172,-0.0006517406895991425
415.0,0.415103,1.60023,0.0987181142,98.7181142,1.0547263681592585,0.11923160000000621,0.09259653520000018,-0.0063892849808002035
416.0,0.416117,1.60131,0.0988167971,98.8167971,1.0494752623688242,0.11924280000000209,0.0763448311999984,-0.004903500244800567
417.0,0.417104,1.60233,0.0989565998,98.9565998,1.034311287916508,0.10279195000000385,0.07654027079999691,-0.001748745732800038
418.0,0.418128,1.60339,0.099022381,99.02238100000001,1.02131879028255,-0.024665149999997027,0.07519509959999976,0.0036771127167997005
419.0,0.419121,1.60439,0.0989072695,98.90726950000001,1.0242179616548905,0.06990134999999498,0.08483104840000215,0.006014088753599482
420.0,0.42011,1.60542,0.0991621837,99.1621837,1.056338028169015,0.14390799999999615,0.07772474240000167,-0.004065503478400181
421.0,0.421109,1.60649,0.0991950855,99.1950855,1.0415623435151888,0.0452250499999991,0.06279349560000003,-0.00614055156320027
422.0,0.422107,1.6075,0.0992526338,99.2526338,1.00201409869081,0.08223204999999467,0.07348549880000035,-0.0011165908911993899
423.0,0.423095,1.60848,0.0993595496,99.3595496,1.0288270377733608,0.05756690000000475,0.07032850159999936,0.0007698427200010052
424.0,0.424119,1.60957,0.0993677676,99.36776760000001,1.035856573705215,0.08223205000000178,0.0935499115999977,-0.0012137242736003386
425.0,0.425103,1.61056,0.0995240137,99.5240137,0.9964947421132635,0.024665149999997027,0.08664076120000021,-0.0026102601856005485
426.0,0.426116,1.61156,0.0994170979,99.4170979,1.0324189526184728,0.01644344999999703,0.059139909200000604,0.00476665371839993
427.0,0.427108,1.61263,0.0995569006,99.55690059999999,1.0443995963672106,0.12746824999999973,0.06456770279999802,0.007702631798399849
428.0,0.428098,1.61363,0.0996720344,99.6720344,1.0531544957774035,0.13979894999999942,0.06591862440000171,0.0023628494095999405
429.0,0.429121,1.61475,0.0998364985,99.83649849999999,1.0878243512974373,0.09045749999999941,0.07137848400000008,-0.005879948982399571
430.0,0.430102,1.61581,0.0998529494,99.8529494,1.011517275913924,0.04111605000000651,0.06308937639999755,-0.009778642582399768
431.0,0.431118,1.61677,0.0999187306,99.9187306,0.9805873568939719,0.049334000000001765,0.07105114960000049,-0.00472375589280069
432.0,0.432111,1.61778,0.0999516174,99.9516174,1.0141271442987305,0.05755919999999293,0.0961818335999996,0.0011454052383998276
433.0,0.4331,1.61878,0.100033849,100.03384899999999,1.0120240480961489,0.08634830000000449,0.0985152520000001,0.004786090544000152
434.0,0.434107,1.6198,0.100124314,100.12431400000001,1.0165247871807457,0.08634849999999972,0.07535875760000067,0.003602943747199908
435.0,0.435097,1.62081,0.100206546,100.20654599999999,1.0269192422732911,0.08223599999999465,0.05723397120000084,0.0025089481536007857
436.0,0.436113,1.62186,0.100288786,100.288786,1.0104529616724707,0.06990150000000739,0.0623957927999997,0.004819627702400183
437.0,0.437106,1.62284,0.100346349,100.346349,0.986411675893279,0.07400649999999587,0.054338789599997196,0.0020704977503994805
438.0,0.4381,1.62382,0.100436799,100.436799,1.0109561752987881,0.10690100000000058,0.070131796799999,-0.008315692883200007
439.0,0.439114,1.62487,0.100560151,100.560151,1.0029791459781008,0.06990150000000028,0.08226969999999938,-0.010869553724799893
440.0,0.440114,1.62584,0.100576602,100.576602,0.9979939819458077,0.04934149999999704,0.07743069200000127,-0.0028284205088000597
441.0,0.441108,1.62686,0.100658834,100.658834,1.0049751243781697,0.0657810000000012,0.07295576800000265,-0.0019236553408004677
442.0,0.442124,1.62786,0.100708164,100.708164,0.9815645241654439,0.012334499999994364,0.07838349199999822,0.0006645328319999288
443.0,0.443115,1.62883,0.100683503,100.68350299999999,0.9825436408976688,0.07401799999999525,0.08315289599999892,0.004587185024000721
444.0,0.444129,1.62983,0.1008562,100.85619999999999,0.9975062344139488,0.10690850000000296,0.052498451999999474,0.002112987737600772
445.0,0.44512,1.63083,0.10089732,100.89732,1.0030395136778427,0.069890000000008,0.05463655200000079,0.0020972094879997643
446.0,0.446103,1.63181,0.10099598,100.99598,0.9765819631290386,0.0657810000000012,0.058616728000000874,0.0017920301439988751
447.0,0.447127,1.63279,0.101028882,101.028882,0.9830339321357665,0.08223599999999465,0.0379606879999991,-0.0010697694080003509
448.0,0.448107,1.63378,0.101160452,101.16045199999999,0.9849246231155627,0.08634099999999734,0.05305895999999945,-0.008150786767999315
449.0,0.449117,1.63475,0.101201564,101.20156399999999,0.9904474610357008,0.008225500000001773,0.052564020000002015,-0.006332187311999
450.0,0.450096,1.63575,0.101176903,101.176903,0.993411049163802,0.06990150000000739,0.06371072400000168,-8.825374399975972e-05
451.0,0.45109,1.63671,0.101341367,101.341367,0.9627791563275748,0.06579200000000185,0.07282367199999748,-0.004625818288000641
452.0,0.452111,1.63769,0.101308487,101.308487,0.9791252485088429,0.0,0.06756330399999866,-0.002695762608000311
453.0,0.453102,1.63868,0.101341367,101.341367,0.959595959595948,0.020556499999997868,0.06555633199999954,0.004214245808000159
454.0,0.454091,1.63959,0.1013496,101.3496,0.9632571996027992,0.008225500000001773,0.04394674800000183,0.009068710367999708
455.0,0.455116,1.64062,0.101357818,101.35781800000001,0.9730538922155413,0.0986754999999988,0.05703874800000369,0.007228967967999154
456.0,0.456095,1.64154,0.101546951,101.54695099999999,0.9538152610441861,0.094566499999992,0.05457266000000021,-0.003630031551999835
457.0,0.457108,1.64252,0.101546951,101.54695099999999,0.9795102448775271,0.049341500000004146,0.0342080839999997,-0.00853147819199918
458.0,0.458096,1.6435,0.101645634,101.645634,0.9543147208122491,0.07812299999999794,0.03785862399999956,-0.006974891311999452
459.0,0.459078,1.6444,0.101703197,101.70319699999999,0.9435846230653864,0.04111600000000237,0.05611719999999946,-0.000964203871999569
460.0,0.460099,1.64539,0.101727866,101.727866,0.975124378109428,0.061676000000005615,0.08502747999999838,0.001816158671999566
461.0,0.461088,1.64636,0.101826549,101.826549,0.9654827413706653,0.07812649999999621,0.06983122799999876,-0.0012675024800005259
462.0,0.462098,1.64732,0.101884119,101.884119,0.9609609609609219,0.036999500000000296,0.043123884000001285,0.0028481594239999275
463.0,0.463086,1.64828,0.101900548,101.900548,0.9746192893401885,0.0328905000000006,0.03526292399999983,0.008400020943999827
464.0,0.464068,1.64924,0.1019499,101.9499,0.9540459540459914,0.08635199999999799,0.04016296000000017,0.0038426140480000274
465.0,0.465088,1.65019,0.102073252,102.073252,0.9426433915211545,0.0986754999999988,0.05039164400000095,-0.007775221919999659
466.0,0.466073,1.65113,0.102147251,102.147251,0.950935761254363,0.04522500000000207,0.05332025600000009,-0.012362676879999857
467.0,0.467065,1.65207,0.102163702,102.163702,0.9348582794630124,-0.004108999999999696,0.05292574400000115,-0.005362618064000632
468.0,0.468084,1.65301,0.102139033,102.139033,0.9493041749503306,-0.016443500000001166,0.0652613400000003,0.0025166460639994364
469.0,0.469077,1.65398,0.102130815,102.130815,0.9571286141574847,0.05345049999999674,0.0679255800000002,0.004532717360000518
470.0,0.47009,1.65493,0.102245934,102.24593399999999,0.946215139442259,0.049334000000001765,0.044140832000001635,0.003995690336000903
471.0,0.471085,1.65588,0.102229483,102.229483,0.9389197375062912,0.049341500000004146,0.02723418800000144,0.005156939200000401
472.0,0.472071,1.65679,0.102344617,102.344617,0.9431137724550608,0.07401800000000236,0.02769731199999859,0.0022878136320000023
473.0,0.473089,1.65777,0.102377519,102.377519,0.9637357178341109,0.09045749999999941,0.03552629999999681,-0.007067495264000019
474.0,0.474084,1.65873,0.102525532,102.525532,0.9303482587064813,0.04522500000000207,0.04430530399999759,-0.010443052191999987
475.0,0.475099,1.65964,0.102467969,102.46796900000001,0.9113545816733015,-0.008225499999994668,0.04104878000000167,-0.003582927632000583
476.0,0.476092,1.66056,0.102509081,102.50908100000001,0.914572864321578,0.0328905000000006,0.05190664400000315,0.0021809047999985574
477.0,0.477089,1.66146,0.10253375,102.53375000000001,0.9203980099501973,0.06990149999999318,0.067004356000001,0.0019306391839990962
478.0,0.478102,1.66241,0.102648884,102.648884,0.9388971684054553,0.05756699999999171,0.04486789600000168,0.0007960929920005384
479.0,0.479102,1.66335,0.102648884,102.648884,0.9288238263503814,0.016439499999997054,0.014276156000001436,0.0014877832000013008
480.0,0.480083,1.66425,0.102681763,102.68176299999999,0.9004502251124442,0.020556000000006236,0.031015800000000978,0.002803620368001009
481.0,0.481101,1.66515,0.102689996,102.68999600000001,0.9231536926147216,0.061676000000005615,0.049831679999998414,0.0017123083840001891
482.0,0.482087,1.6661,0.102805115,102.805115,0.9450000000000838,0.08634099999999734,0.04693928799999611,-0.008697447872000151
483.0,0.483101,1.66704,0.102862678,102.862678,0.8991008991009093,-0.00821399999999528,0.03276203999999791,-0.011660144304000348
484.0,0.484089,1.6679,0.102788687,102.78868700000001,0.8836973082782398,-0.0328905000000006,0.03170769199999955,0.004646610047999605
485.0,0.48507,1.66878,0.102796897,102.796897,0.8904452226113504,0.09044600000000003,0.04085208799999998,0.010995186287999356
486.0,0.486088,1.66968,0.102969579,102.96957900000001,0.9027431421446924,0.0657849999999982,0.042038568000001136,0.001081139583999052
487.0,0.487075,1.67059,0.102928467,102.928467,0.9131736526946073,0.020559999999996137,0.03976988000000148,-0.004566149871999974
488.0,0.488092,1.67151,0.103010699,103.010699,0.9081836327344948,0.008225500000001773,0.0039485000000004785,-0.0035380292639993613
489.0,0.489079,1.67241,0.102944918,102.944918,0.8787878787878125,0.04934149999999704,0.016511371999999597,-0.005368980831999664
490.0,0.490072,1.67325,0.103109382,103.109382,0.8667657256068085,0.053446499999992625,0.05581783600000142,-0.009773206467199747
491.0,0.491098,1.67416,0.103051811,103.05181099999999,0.894632206759449,0.016451000000003546,0.048945743999999534,-0.012058294127999908
492.0,0.492084,1.67505,0.103142284,103.142284,0.9109311740889532,0.03701100000000679,0.03516377599999794,-0.014059922166400214
493.0,0.493074,1.67596,0.103125833,103.125833,0.9050000000000439,-0.02467650000000532,0.03309064399999949,-0.008736973433600255
494.0,0.494084,1.67686,0.103092931,103.092931,0.8695652173913526,0.028781500000000904,0.02516444399999881,-0.0019267243952000098
495.0,0.495075,1.6777,0.103183396,103.183396,0.884557721139466,0.06990150000000739,-0.007727404000000945,-0.0077432512120002425
496.0,0.496085,1.67863,0.103232734,103.23273400000001,0.884866767219692,0.06167599999999851,-0.026622457400000982,-0.008089122600232326
497.0,0.497064,1.67946,0.103306748,103.306748,0.8819057273187281,0.04111599999999527,-0.04551751080000102,-0.00843499398846441
498.0,0.498058,1.68037,0.103314966,103.314966,0.8868958644744054,0.0328905000000006,-0.06441256420000106,-0.008780865376696494
499.0,0.499071,1.68124,0.103372529,103.372529,0.855295872700238,-0.024664999999998827,-0.0833076176000011,-0.009126736764928577
500.0,0.500069,1.68209,0.103265636,103.265636,0.8517034068136456,-0.10689299999999946,-0.10220267100000115,-0.009472608153160662
